-- Migration to add Pretend Prototype (상상력 풀가동) and Glasya Cargo (글라시아 화물) crates

-- 1. CRATE TEMPLATES
INSERT INTO public.crate_templates (
  id, name, type, price_gcoin, bundle_price_gcoin, price_bp, price_bp_limit,
  ticket_currency_code, ticket_price_single, ticket_price_bundle,
  bonus_currency_code, bonus_amount_single, bonus_amount_bundle, image_url, description, active
) VALUES
  ('c7a312f1-9b4f-4a32-9c12-32a2223a4b01', '상상력 풀가동 밀수품 상자', 'contraband', 200, 1800, 8000, 50, 'contraband_coupon', 10, 100, 'contraband_scrap', 10, 100, '/images/crates/imagination_crate.png', '상상력 풀가동 - SLR 성장형 무기 스킨을 획득할 수 있는 밀수품 상자입니다.', true),
  ('c7a312f1-9b4f-4a32-9c12-32a2223a4b02', '글라시아 화물 상자', 'loot_crate', 0, 0, NULL, NULL, 'artisan_token', 1, NULL, NULL, NULL, NULL, '/images/crates/glasya_cargo.png', '제작소 장인 제작 탭에서 장인 토큰으로 개봉 가능한 글라시아 화물 상자입니다.', true)
ON CONFLICT (id) DO UPDATE SET
  name = EXCLUDED.name,
  type = EXCLUDED.type,
  price_gcoin = EXCLUDED.price_gcoin,
  bundle_price_gcoin = EXCLUDED.bundle_price_gcoin,
  price_bp = EXCLUDED.price_bp,
  ticket_currency_code = EXCLUDED.ticket_currency_code,
  ticket_price_single = EXCLUDED.ticket_price_single,
  ticket_price_bundle = EXCLUDED.ticket_price_bundle,
  bonus_currency_code = EXCLUDED.bonus_currency_code,
  bonus_amount_single = EXCLUDED.bonus_amount_single,
  bonus_amount_bundle = EXCLUDED.bonus_amount_bundle,
  image_url = EXCLUDED.image_url,
  description = EXCLUDED.description,
  active = EXCLUDED.active;

-- 2. CRATE ITEM ASSETS (New assets)
INSERT INTO public.crate_item_assets (asset_key, display_name, normalized_name, r2_key, image_url, rarity)
VALUES
  ('12014049', '상상력 풀가동 - SLR (네이비 레드)', '상상력_풀가동_slr_네이비_레드', 'crates/12014049.webp', '/api/images/crates/12014049.webp', 'ULTIMATE'),
  ('12012046', '상상력 풀가동 - SLR', '상상력_풀가동_slr', 'crates/12012046.webp', '/api/images/crates/12012046.webp', 'LEGENDARY'),
  ('12011101', '진열용 - ACE32', '진열용_ace32', 'crates/12011101.webp', '/api/images/crates/12011101.webp', 'EPIC'),
  ('12011056', '네온 드림 - 미니14', '네온_드림_미니14', 'crates/12011056.webp', '/api/images/crates/12011056.webp', 'EPIC'),
  ('12011070', '스틸 더 쇼 - 베릴 M762', '스틸_더_쇼_베릴_m762', 'crates/12011070.webp', '/api/images/crates/12011070.webp', 'EPIC'),
  ('12011071', '스틸 더 쇼 - SKS', '스틸_더_쇼_sks', 'crates/12011071.webp', '/api/images/crates/12011071.webp', 'EPIC'),
  ('12015113', '진열용 - 드라구노프', '진열용_드라구노프', 'crates/12015113.webp', '/api/images/crates/12015113.webp', 'ELITE'),
  ('12015114', '진열용 - 판처파우스트', '진열용_판처파우스트', 'crates/12015114.webp', '/api/images/crates/12015114.webp', 'ELITE'),
  ('12010705', '갤럭시 암즈 - AKM', '갤럭시_암즈_akm', 'crates/12010705.webp', '/api/images/crates/12010705.webp', 'ELITE'),
  ('12010706', '갤럭시 암즈 - SKS', '갤럭시_암즈_sks', 'crates/12010706.webp', '/api/images/crates/12010706.webp', 'ELITE'),
  ('12010707', '갤럭시 암즈 - MP9', '갤럭시_암즈_mp9', 'crates/12010707.webp', '/api/images/crates/12010707.webp', 'ELITE'),
  ('12010894', '파인 아트 - 토미 건', '파인_아트_토미_건', 'crates/12010894.webp', '/api/images/crates/12010894.webp', 'ELITE'),
  ('12010005', '트라이펙타 - SCAR-L', '트라이펙타_scar_l', 'crates/12010005.webp', '/api/images/crates/12010005.webp', 'ELITE'),
  ('12010927', '크리스마스 트리 - P18C', '크리스마스_트리_p18c', 'crates/12010927.webp', '/api/images/crates/12010927.webp', 'ELITE'),
  ('12010537', '야생화 - 석궁', '야생화_석궁', 'crates/12010537.webp', '/api/images/crates/12010537.webp', 'ELITE'),
  ('12010538', '야생화 - 그로자', '야생화_그로자', 'crates/12010538.webp', '/api/images/crates/12010538.webp', 'ELITE'),
  ('12010539', '야생화 - 베릴 M762', '야생화_베릴_m762', 'crates/12010539.webp', '/api/images/crates/12010539.webp', 'ELITE'),
  ('12010548', '플라워 파워 - AKM', '플라워_파워_akm', 'crates/12010548.webp', '/api/images/crates/12010548.webp', 'ELITE'),
  ('12010549', '플라워 파워 - AWM', '플라워_파워_awm', 'crates/12010549.webp', '/api/images/crates/12010549.webp', 'ELITE'),
  ('12010550', '플라워 파워 - 벡터', '플라워_파워_벡터', 'crates/12010550.webp', '/api/images/crates/12010550.webp', 'ELITE'),
  ('12010023', '골드 - SKS', '골드_sks', 'crates/12010023.webp', '/api/images/crates/12010023.webp', 'ELITE'),
  ('12010046', '골드 - 그로자', '골드_그로자', 'crates/12010046.webp', '/api/images/crates/12010046.webp', 'ELITE'),
  ('12010051', '골드 - AWM', '골드_awm', 'crates/12010051.webp', '/api/images/crates/12010051.webp', 'ELITE'),
  ('12010708', '프랙탈 스플래시 - Mk47 뮤턴트', '프랙탈_스플래시_mk47_뮤턴트', 'crates/12010708.webp', '/api/images/crates/12010708.webp', 'RARE'),
  ('12010709', '프랙탈 스플래시 - VSS', '프랙탈_스플래시_vss', 'crates/12010709.webp', '/api/images/crates/12010709.webp', 'RARE'),
  ('12010710', '프랙탈 스플래시 - ACE32', '프랙탈_스플래시_ace32', 'crates/12010710.webp', '/api/images/crates/12010710.webp', 'RARE'),
  ('12010540', '스키드 마크 - M249', '스키드_마크_m249', 'crates/12010540.webp', '/api/images/crates/12010540.webp', 'RARE'),
  ('12010684', '스노우 플레이크 - K2', '스노우_플레이크_k2', 'crates/12010684.webp', '/api/images/crates/12010684.webp', 'RARE'),
  ('12010542', '스키드 마크 - VSS', '스키드_마크_vss', 'crates/12010542.webp', '/api/images/crates/12010542.webp', 'RARE'),
  ('12010217', '골드 - 벡터', '골드_벡터', 'crates/12010217.webp', '/api/images/crates/12010217.webp', 'RARE'),
  ('12010218', '골드 - UMP', '골드_ump', 'crates/12010218.webp', '/api/images/crates/12010218.webp', 'RARE'),
  ('12010021', '골드 - 소드오프', '골드_소드오프', 'crates/12010021.webp', '/api/images/crates/12010021.webp', 'RARE'),
  ('12010711', '제로 아워 - P18C', '제로_아워_p18c', 'crates/12010711.webp', '/api/images/crates/12010711.webp', 'SPECIAL'),
  ('12010713', '제로 아워 - UMP', '제로_아워_ump', 'crates/12010713.webp', '/api/images/crates/12010713.webp', 'SPECIAL'),
  ('12010775', '마린 매트 (파란색) - VSS', '마린_매트_파란색_vss', 'crates/12010775.webp', '/api/images/crates/12010775.webp', 'SPECIAL'),
  ('12010776', '마린 매트 (파란색) - S686', '마린_매트_파란색_s686', 'crates/12010776.webp', '/api/images/crates/12010776.webp', 'SPECIAL'),
  ('12010714', '폴카 데스 - M16A4', '폴카_데스_m16a4', 'crates/12010714.webp', '/api/images/crates/12010714.webp', 'SPECIAL'),
  ('12010715', '폴카 데스 - K2', '폴카_데스_k2', 'crates/12010715.webp', '/api/images/crates/12010715.webp', 'SPECIAL'),
  ('12010717', '폴카 데스 - S12K', '폴카_데스_s12k', 'crates/12010717.webp', '/api/images/crates/12010717.webp', 'SPECIAL'),
  ('12010529', '정글 프라울러 - G36C', '정글_프라울러_g36c', 'crates/12010529.webp', '/api/images/crates/12010529.webp', 'SPECIAL'),
  ('12010530', '정글 프라울러 - P92', '정글_프라울러_p92', 'crates/12010530.webp', '/api/images/crates/12010530.webp', 'SPECIAL'),
  ('12010531', '정글 프라울러 - 소드오프', '정글_프라울러_소드오프', 'crates/12010531.webp', '/api/images/crates/12010531.webp', 'SPECIAL'),
  ('12010691', '파스텔 파워 - R1895', '파스텔_파워_r1895', 'crates/12010691.webp', '/api/images/crates/12010691.webp', 'SPECIAL'),
  ('12010533', '사파리 스트라이프 - S12K', '사파리_스트라이프_s12k', 'crates/12010533.webp', '/api/images/crates/12010533.webp', 'SPECIAL'),
  ('12010534', '사파리 스트라이프 - M16A4', '사파리_스트라이프_m16a4', 'crates/12010534.webp', '/api/images/crates/12010534.webp', 'SPECIAL'),
  ('12010535', '사파리 스트라이프 - UMP', '사파리_스트라이프_ump', 'crates/12010535.webp', '/api/images/crates/12010535.webp', 'SPECIAL'),
  ('12010030', '러기드 (주황색) - SCAR-L', '러기드_주황색_scar_l', 'crates/12010030.webp', '/api/images/crates/12010030.webp', 'SPECIAL'),
  ('12010034', '러기드 (주황색) - M416', '러기드_주황색_m416', 'crates/12010034.webp', '/api/images/crates/12010034.webp', 'SPECIAL'),
  ('12010028', '골드 - Win94', '골드_win94', 'crates/12010028.webp', '/api/images/crates/12010028.webp', 'SPECIAL'),
  ('polymer_200', '폴리머 (Polymer) x200', '폴리머_polymer_x200', 'crates/polymer.png', '/images/crates/polymer.png', 'SPECIAL'),
  ('polymer_100', '폴리머 (Polymer) x100', '폴리머_polymer_x100', 'crates/polymer.png', '/images/crates/polymer.png', 'SPECIAL'),
  ('polymer_50', '폴리머 (Polymer) x50', '폴리머_polymer_x50', 'crates/polymer.png', '/images/crates/polymer.png', 'SPECIAL'),
  ('17000004', '글라시아 도안', '글라시아_도안', 'crates/17000004.webp', '/api/images/crates/17000004.webp', 'LEGENDARY'),
  ('17000001', '한나 도안', '한나_도안', 'crates/17000001.webp', '/api/images/crates/17000001.webp', 'LEGENDARY'),
  ('17000002', '도리언 도안', '도리언_도안', 'crates/17000002.webp', '/api/images/crates/17000002.webp', 'LEGENDARY'),
  ('13001597', '트러블메이커 헬멧 세트 도안', '트러블메이커_헬멧_세트_도안', 'crates/13001597.webp', '/api/images/crates/13001597.webp', 'EPIC'),
  ('13001598', '관짝 배낭 세트 도안', '관짝_배낭_세트_도안', 'crates/13001598.webp', '/api/images/crates/13001598.webp', 'EPIC'),
  ('12030124', '프리랜서 퇴마사 낙하산 도안', '프리랜서_퇴마사_낙하산_도안', 'crates/12030124.webp', '/api/images/crates/12030124.webp', 'EPIC'),
  ('12015118', '결단의 순간 - 프라이팬 도안', '결단의_순간_프라이팬_도안', 'crates/12015118.webp', '/api/images/crates/12015118.webp', 'EPIC'),
  ('12015121', '결단의 순간 - S1897 도안', '결단의_순간_s1897_도안', 'crates/12015121.webp', '/api/images/crates/12015121.webp', 'EPIC'),
  ('12015123', '최후의 심판 해머 (골드) 도안', '최후의_심판_해머_골드_도안', 'crates/12015123.webp', '/api/images/crates/12015123.webp', 'EPIC'),
  ('18010109', '은빛 인장 도안', '은빛_인장_도안', 'crates/18010109.webp', '/api/images/crates/18010109.webp', 'EPIC'),
  ('13000689', '웨이스티드 퓨처 세트 도안', '웨이스티드_퓨처_세트_도안', 'crates/13000689.webp', '/api/images/crates/13000689.webp', 'EPIC'),
  ('13000611', '아포칼립스 세트 도안', '아포칼립스_세트_도안', 'crates/13000611.webp', '/api/images/crates/13000611.webp', 'EPIC'),
  ('13000828', '웨이스트랜드 원더러 세트 도안', '웨이스트랜드_원더러_세트_도안', 'crates/13000828.webp', '/api/images/crates/13000828.webp', 'EPIC'),
  ('13000829', '오션 노마드 세트 도안', '오션_노마드_세트_도안', 'crates/13000829.webp', '/api/images/crates/13000829.webp', 'EPIC'),
  ('13000875', '테크노 레이브 버니 세트 도안', '테크노_레이브_버니_세트_도안', 'crates/13000875.webp', '/api/images/crates/13000875.webp', 'ELITE'),
  ('13000876', '버니 밴디트 세트 도안', '버니_밴디트_세트_도안', 'crates/13000876.webp', '/api/images/crates/13000876.webp', 'ELITE'),
  ('13000877', '버니 공듀 세트 도안', '버니_공듀_세트_도안', 'crates/13000877.webp', '/api/images/crates/13000877.webp', 'ELITE'),
  ('13000878', '비밀요원 버니 세트 도안', '비밀요원_버니_세트_도안', 'crates/13000878.webp', '/api/images/crates/13000878.webp', 'ELITE'),
  ('13000889', '할로우 위치 세트 도안', '할로우_위치_세트_도안', 'crates/13000889.webp', '/api/images/crates/13000889.webp', 'ELITE'),
  ('13000890', '마녀 세트 도안', '마녀_세트_도안', 'crates/13000890.webp', '/api/images/crates/13000890.webp', 'ELITE'),
  ('13000891', '저주받은 개 세트 도안', '저주받은_개_세트_도안', 'crates/13000891.webp', '/api/images/crates/13000891.webp', 'ELITE'),
  ('13000892', '저주받은 늑대인간 세트 도안', '저주받은_늑대인간_세트_도안', 'crates/13000892.webp', '/api/images/crates/13000892.webp', 'ELITE'),
  ('13000934', '블러드 헌터 세트 2 도안', '블러드_헌터_세트_2_도안', 'crates/13000934.webp', '/api/images/crates/13000934.webp', 'ELITE'),
  ('13000935', '블러드 헌터 세트 1 도안', '블러드_헌터_세트_1_도안', 'crates/13000935.webp', '/api/images/crates/13000935.webp', 'ELITE'),
  ('13000936', '가디언 엔젤 세트 2 도안', '가디언_엔젤_세트_2_도안', 'crates/13000936.webp', '/api/images/crates/13000936.webp', 'ELITE'),
  ('13000937', '가디언 엔젤 세트 1 도안', '가디언_엔젤_세트_1_도안', 'crates/13000937.webp', '/api/images/crates/13000937.webp', 'ELITE'),
  ('13000550', '필라 택티컬 세트 도안', '필라_택티컬_세트_도안', 'crates/13000550.webp', '/api/images/crates/13000550.webp', 'ELITE'),
  ('13000552', '던컨의 헤이븐 세트 도안', '던컨의_헤이븐_세트_도안', 'crates/13000552.webp', '/api/images/crates/13000552.webp', 'ELITE'),
  ('13000556', '헤이븐 스트리트 세트 도안', '헤이븐_스트리트_세트_도안', 'crates/13000556.webp', '/api/images/crates/13000556.webp', 'ELITE'),
  ('13000357', '크루세이더 의상 세트 도안', '크루세이더_의상_세트_도안', 'crates/13000357.webp', '/api/images/crates/13000357.webp', 'ELITE'),
  ('13000358', '나이트 헌터 의상 세트 도안', '나이트_헌터_의상_세트_도안', 'crates/13000358.webp', '/api/images/crates/13000358.webp', 'ELITE'),
  ('13000359', '암흑의 백작 의상 세트 도안', '암흑의_백작_의상_세트_도안', 'crates/13000359.webp', '/api/images/crates/13000359.webp', 'ELITE'),
  ('13000360', '고통의 기사 의상 세트 도안', '고통의_기사_의상_세트_도안', 'crates/13000360.webp', '/api/images/crates/13000360.webp', 'ELITE'),
  ('13000687', '도둑 고양이 세트 도안', '도둑_고양이_세트_도안', 'crates/13000687.webp', '/api/images/crates/13000687.webp', 'ELITE'),
  ('11060089', '밀크방카 (검은색) 도안', '밀크방카_검은색_도안', 'crates/11060089.webp', '/api/images/crates/11060089.webp', 'ELITE'),
  ('11060090', '밀크방카 (갈색) 도안', '밀크방카_갈색_도안', 'crates/11060090.webp', '/api/images/crates/11060090.webp', 'ELITE'),
  ('11060091', '카우 보이 모자 (검은색) 도안', '카우_보이_모자_검은색_도안', 'crates/11060091.webp', '/api/images/crates/11060091.webp', 'ELITE'),
  ('11060092', '카우 보이 모자 (갈색) 도안', '카우_보이_모자_갈색_도안', 'crates/11060092.webp', '/api/images/crates/11060092.webp', 'ELITE'),
  ('11060096', '크리스마스 엘프 모자 도안', '크리스마스_엘프_모자_도안', 'crates/11060096.webp', '/api/images/crates/11060096.webp', 'ELITE'),
  ('11060099', '고양이 귀 비니 (검은색) 도안', '고양이_귀_비니_검은색_도안', 'crates/11060099.webp', '/api/images/crates/11060099.webp', 'ELITE'),
  ('11010564', '가디언 엔젤 롱코트 도안', '가디언_엔젤_롱코트_도안', 'crates/11010564.webp', '/api/images/crates/11010564.webp', 'ELITE'),
  ('11020407', '가디언 엔젤 반바지 도안', '가디언_엔젤_반바지_도안', 'crates/11020407.webp', '/api/images/crates/11020407.webp', 'ELITE'),
  ('11020408', '블러드 헌터 스커트 도안', '블러드_헌터_스커트_도안', 'crates/11020408.webp', '/api/images/crates/11020408.webp', 'ELITE'),
  ('11030379', '드래곤 마더 부츠 도안', '드래곤_마더_부츠_도안', 'crates/11030379.webp', '/api/images/crates/11030379.webp', 'ELITE'),
  ('11030380', '블러드 헌터 부츠 도안', '블러드_헌터_부츠_도안', 'crates/11030380.webp', '/api/images/crates/11030380.webp', 'RARE'),
  ('11030381', '서펀트 퀸 스타킹 도안', '서펀트_퀸_스타킹_도안', 'crates/11030381.webp', '/api/images/crates/11030381.webp', 'RARE'),
  ('11050295', '블러드 헌터 재킷 도안', '블러드_헌터_재킷_도안', 'crates/11050295.webp', '/api/images/crates/11050295.webp', 'RARE'),
  ('11050296', '화이트 와이번 라이더 재킷 도안', '화이트_와이번_라이더_재킷_도안', 'crates/11050296.webp', '/api/images/crates/11050296.webp', 'RARE'),
  ('11050297', '가디언 엔젤 재킷 도안', '가디언_엔젤_재킷_도안', 'crates/11050297.webp', '/api/images/crates/11050297.webp', 'RARE'),
  ('11050298', '블러드 헌터 롱코트 도안', '블러드_헌터_롱코트_도안', 'crates/11050298.webp', '/api/images/crates/11050298.webp', 'RARE'),
  ('11060192', '블러드 헌터 모자 도안', '블러드_헌터_모자_도안', 'crates/11060192.webp', '/api/images/crates/11060192.webp', 'RARE'),
  ('11060193', '가디언 엔젤 모자 도안', '가디언_엔젤_모자_도안', 'crates/11060193.webp', '/api/images/crates/11060193.webp', 'RARE'),
  ('13000132', '엘 포소 홈 유니폼 세트 도안', '엘_포소_홈_유니폼_세트_도안', 'crates/13000132.webp', '/api/images/crates/13000132.webp', 'RARE'),
  ('13000140', '퍼그 라이프 세트 도안', '퍼그_라이프_세트_도안', 'crates/13000140.webp', '/api/images/crates/13000140.webp', 'RARE'),
  ('13000155', 'PCS3 의상 세트 도안', 'pcs3_의상_세트_도안', 'crates/13000155.webp', '/api/images/crates/13000155.webp', 'RARE'),
  ('13000553', '런치미트의 헤이븐 세트 도안', '런치미트의_헤이븐_세트_도안', 'crates/13000553.webp', '/api/images/crates/13000553.webp', 'RARE'),
  ('13000555', '헤이븐 펑크 세트 도안', '헤이븐_펑크_세트_도안', 'crates/13000555.webp', '/api/images/crates/13000555.webp', 'RARE'),
  ('13000557', '헤이븐 밴디트 세트 도안', '헤이븐_밴디트_세트_도안', 'crates/13000557.webp', '/api/images/crates/13000557.webp', 'RARE'),
  ('13000223', '로어 스트리트웨어 세트 도안', '로어_스트리트웨어_세트_도안', 'crates/13000223.webp', '/api/images/crates/13000223.webp', 'RARE'),
  ('13000224', '해저드 세트 도안', '해저드_세트_도안', 'crates/13000224.webp', '/api/images/crates/13000224.webp', 'RARE'),
  ('13000225', '컬러풀 카오스 세트 도안', '컬러풀_카오스_세트_도안', 'crates/13000225.webp', '/api/images/crates/13000225.webp', 'RARE'),
  ('13000226', '스트리트 비트 세트 도안', '스트리트_비트_세트_도안', 'crates/13000226.webp', '/api/images/crates/13000226.webp', 'RARE'),
  ('11010538', '스콜 스웨트셔츠 도안', '스콜_스웨트셔츠_도안', 'crates/11010538.webp', '/api/images/crates/11010538.webp', 'RARE'),
  ('11030358', '요르드의 땅 부츠 도안', '요르드의_땅_부츠_도안', 'crates/11030358.webp', '/api/images/crates/11030358.webp', 'RARE'),
  ('11050271', '아스가르드 빈티지 티셔츠 도안', '아스가르드_빈티지_티셔츠_도안', 'crates/11050271.webp', '/api/images/crates/11050271.webp', 'SPECIAL'),
  ('11010547', '저주받은 개 티셔츠 도안', '저주받은_개_티셔츠_도안', 'crates/11010547.webp', '/api/images/crates/11010547.webp', 'SPECIAL'),
  ('11020398', '저주받은 늑대인간 반바지 도안', '저주받은_늑대인간_반바지_도안', 'crates/11020398.webp', '/api/images/crates/11020398.webp', 'SPECIAL'),
  ('11030372', '저주받은 늑대인간 장화 도안', '저주받은_늑대인간_장화_도안', 'crates/11030372.webp', '/api/images/crates/11030372.webp', 'SPECIAL'),
  ('18040106', '살아있는 시체들의 밤 도안', '살아있는_시체들의_밤_도안', 'crates/18040106.webp', '/api/images/crates/18040106.webp', 'SPECIAL'),
  ('18100167', 'RIP 도안', 'rip_도안', 'crates/18100167.webp', '/api/images/crates/18100167.webp', 'SPECIAL'),
  ('16100387', '승리 댄스 115 도안', '승리_댄스_115_도안', 'crates/16100387.webp', '/api/images/crates/16100387.webp', 'SPECIAL'),
  ('16100378', '동전 던지기 도안', '동전_던지기_도안', 'crates/16100378.webp', '/api/images/crates/16100378.webp', 'SPECIAL'),
  ('11010149', 'GLL 그랜드 슬램 맨투맨 도안', 'gll_그랜드_슬램_맨투맨_도안', 'crates/11010149.webp', '/api/images/crates/11010149.webp', 'SPECIAL'),
  ('11020060', 'GLL 그랜드 슬램 찢어진 청바지 도안', 'gll_그랜드_슬램_찢어진_청바지_도안', 'crates/11020060.webp', '/api/images/crates/11020060.webp', 'SPECIAL'),
  ('11020084', 'MET 아시아 시리즈 찢어진 청바지 도안', 'met_아시아_시리즈_찢어진_청바지_도안', 'crates/11020084.webp', '/api/images/crates/11020084.webp', 'SPECIAL'),
  ('11050073', 'MET 아시아 시리즈 바머 재킷 도안', 'met_아시아_시리즈_바머_재킷_도안', 'crates/11050073.webp', '/api/images/crates/11050073.webp', 'SPECIAL'),
  ('11010162', '사립학교 스웨터 (노란색) 도안', '사립학교_스웨터_노란색_도안', 'crates/11010162.webp', '/api/images/crates/11010162.webp', 'SPECIAL'),
  ('11010163', '사립학교 스웨터 (회색) 도안', '사립학교_스웨터_회색_도안', 'crates/11010163.webp', '/api/images/crates/11010163.webp', 'SPECIAL'),
  ('credit_1000', '크레딧 x1000', '크레딧_x1000', 'crates/credit.png', '/images/crates/credit.png', 'SPECIAL'),
  ('credit_2000', '크레딧 x2000', '크레딧_x2000', 'crates/credit.png', '/images/crates/credit.png', 'SPECIAL'),
  ('credit_3000', '크레딧 x3000', '크레딧_x3000', 'crates/credit.png', '/images/crates/credit.png', 'SPECIAL')
ON CONFLICT (asset_key) DO UPDATE SET
  display_name = EXCLUDED.display_name,
  normalized_name = EXCLUDED.normalized_name,
  r2_key = EXCLUDED.r2_key,
  image_url = EXCLUDED.image_url,
  rarity = EXCLUDED.rarity;

-- 3. CLEANUP OLD CRATE ITEMS RELATIONSHIPS
DELETE FROM public.crate_item_relations WHERE crate_template_id IN ('c7a312f1-9b4f-4a32-9c12-32a2223a4b01', 'c7a312f1-9b4f-4a32-9c12-32a2223a4b02');

-- 4. CRATE ITEMS RELATIONSHIPS
INSERT INTO public.crate_item_relations (crate_template_id, asset_id, drop_type, probability, token_count, is_prime_parcel, is_extra_crate)
VALUES
  ('c7a312f1-9b4f-4a32-9c12-32a2223a4b01', (SELECT id FROM public.crate_item_assets WHERE asset_key = '12014049' LIMIT 1), 'base', 0.004000, 0, false, false),
  ('c7a312f1-9b4f-4a32-9c12-32a2223a4b01', (SELECT id FROM public.crate_item_assets WHERE asset_key = '12012046' LIMIT 1), 'base', 0.009000, 0, false, false),
  ('c7a312f1-9b4f-4a32-9c12-32a2223a4b01', (SELECT id FROM public.crate_item_assets WHERE asset_key = '12011101' LIMIT 1), 'base', 0.015000, 0, false, false),
  ('c7a312f1-9b4f-4a32-9c12-32a2223a4b01', (SELECT id FROM public.crate_item_assets WHERE asset_key = '12011056' LIMIT 1), 'base', 0.008000, 0, false, false),
  ('c7a312f1-9b4f-4a32-9c12-32a2223a4b01', (SELECT id FROM public.crate_item_assets WHERE asset_key = '12011070' LIMIT 1), 'base', 0.008000, 0, false, false),
  ('c7a312f1-9b4f-4a32-9c12-32a2223a4b01', (SELECT id FROM public.crate_item_assets WHERE asset_key = '12011071' LIMIT 1), 'base', 0.008000, 0, false, false),
  ('c7a312f1-9b4f-4a32-9c12-32a2223a4b01', (SELECT id FROM public.crate_item_assets WHERE asset_key = '12015113' LIMIT 1), 'base', 0.030000, 0, false, false),
  ('c7a312f1-9b4f-4a32-9c12-32a2223a4b01', (SELECT id FROM public.crate_item_assets WHERE asset_key = '12015114' LIMIT 1), 'base', 0.030000, 0, false, false),
  ('c7a312f1-9b4f-4a32-9c12-32a2223a4b01', (SELECT id FROM public.crate_item_assets WHERE asset_key = '12010705' LIMIT 1), 'base', 0.014000, 0, false, false),
  ('c7a312f1-9b4f-4a32-9c12-32a2223a4b01', (SELECT id FROM public.crate_item_assets WHERE asset_key = '12010706' LIMIT 1), 'base', 0.014000, 0, false, false),
  ('c7a312f1-9b4f-4a32-9c12-32a2223a4b01', (SELECT id FROM public.crate_item_assets WHERE asset_key = '12010707' LIMIT 1), 'base', 0.014000, 0, false, false),
  ('c7a312f1-9b4f-4a32-9c12-32a2223a4b01', (SELECT id FROM public.crate_item_assets WHERE asset_key = '12010894' LIMIT 1), 'base', 0.014000, 0, false, false),
  ('c7a312f1-9b4f-4a32-9c12-32a2223a4b01', (SELECT id FROM public.crate_item_assets WHERE asset_key = '12010005' LIMIT 1), 'base', 0.014000, 0, false, false),
  ('c7a312f1-9b4f-4a32-9c12-32a2223a4b01', (SELECT id FROM public.crate_item_assets WHERE asset_key = '12010927' LIMIT 1), 'base', 0.014000, 0, false, false),
  ('c7a312f1-9b4f-4a32-9c12-32a2223a4b01', (SELECT id FROM public.crate_item_assets WHERE asset_key = '12010537' LIMIT 1), 'base', 0.014000, 0, false, false),
  ('c7a312f1-9b4f-4a32-9c12-32a2223a4b01', (SELECT id FROM public.crate_item_assets WHERE asset_key = '12010538' LIMIT 1), 'base', 0.014000, 0, false, false),
  ('c7a312f1-9b4f-4a32-9c12-32a2223a4b01', (SELECT id FROM public.crate_item_assets WHERE asset_key = '12010539' LIMIT 1), 'base', 0.014000, 0, false, false),
  ('c7a312f1-9b4f-4a32-9c12-32a2223a4b01', (SELECT id FROM public.crate_item_assets WHERE asset_key = '12010548' LIMIT 1), 'base', 0.014000, 0, false, false),
  ('c7a312f1-9b4f-4a32-9c12-32a2223a4b01', (SELECT id FROM public.crate_item_assets WHERE asset_key = '12010549' LIMIT 1), 'base', 0.014000, 0, false, false),
  ('c7a312f1-9b4f-4a32-9c12-32a2223a4b01', (SELECT id FROM public.crate_item_assets WHERE asset_key = '12010550' LIMIT 1), 'base', 0.014000, 0, false, false),
  ('c7a312f1-9b4f-4a32-9c12-32a2223a4b01', (SELECT id FROM public.crate_item_assets WHERE asset_key = '12010023' LIMIT 1), 'base', 0.014000, 0, false, false),
  ('c7a312f1-9b4f-4a32-9c12-32a2223a4b01', (SELECT id FROM public.crate_item_assets WHERE asset_key = '12010046' LIMIT 1), 'base', 0.014000, 0, false, false),
  ('c7a312f1-9b4f-4a32-9c12-32a2223a4b01', (SELECT id FROM public.crate_item_assets WHERE asset_key = '12010051' LIMIT 1), 'base', 0.014000, 0, false, false),
  ('c7a312f1-9b4f-4a32-9c12-32a2223a4b01', (SELECT id FROM public.crate_item_assets WHERE asset_key = '12010708' LIMIT 1), 'base', 0.018900, 0, false, false),
  ('c7a312f1-9b4f-4a32-9c12-32a2223a4b01', (SELECT id FROM public.crate_item_assets WHERE asset_key = '12010709' LIMIT 1), 'base', 0.018900, 0, false, false),
  ('c7a312f1-9b4f-4a32-9c12-32a2223a4b01', (SELECT id FROM public.crate_item_assets WHERE asset_key = '12010710' LIMIT 1), 'base', 0.018900, 0, false, false),
  ('c7a312f1-9b4f-4a32-9c12-32a2223a4b01', (SELECT id FROM public.crate_item_assets WHERE asset_key = '12010540' LIMIT 1), 'base', 0.018900, 0, false, false),
  ('c7a312f1-9b4f-4a32-9c12-32a2223a4b01', (SELECT id FROM public.crate_item_assets WHERE asset_key = '12010684' LIMIT 1), 'base', 0.018900, 0, false, false),
  ('c7a312f1-9b4f-4a32-9c12-32a2223a4b01', (SELECT id FROM public.crate_item_assets WHERE asset_key = '12010542' LIMIT 1), 'base', 0.018900, 0, false, false),
  ('c7a312f1-9b4f-4a32-9c12-32a2223a4b01', (SELECT id FROM public.crate_item_assets WHERE asset_key = '12010217' LIMIT 1), 'base', 0.018900, 0, false, false),
  ('c7a312f1-9b4f-4a32-9c12-32a2223a4b01', (SELECT id FROM public.crate_item_assets WHERE asset_key = '12010218' LIMIT 1), 'base', 0.018900, 0, false, false),
  ('c7a312f1-9b4f-4a32-9c12-32a2223a4b01', (SELECT id FROM public.crate_item_assets WHERE asset_key = '12010021' LIMIT 1), 'base', 0.018900, 0, false, false),
  ('c7a312f1-9b4f-4a32-9c12-32a2223a4b01', (SELECT id FROM public.crate_item_assets WHERE asset_key = '12010711' LIMIT 1), 'base', 0.022800, 0, false, false),
  ('c7a312f1-9b4f-4a32-9c12-32a2223a4b01', (SELECT id FROM public.crate_item_assets WHERE asset_key = '12010713' LIMIT 1), 'base', 0.022800, 0, false, false),
  ('c7a312f1-9b4f-4a32-9c12-32a2223a4b01', (SELECT id FROM public.crate_item_assets WHERE asset_key = '12010775' LIMIT 1), 'base', 0.022800, 0, false, false),
  ('c7a312f1-9b4f-4a32-9c12-32a2223a4b01', (SELECT id FROM public.crate_item_assets WHERE asset_key = '12010776' LIMIT 1), 'base', 0.022800, 0, false, false),
  ('c7a312f1-9b4f-4a32-9c12-32a2223a4b01', (SELECT id FROM public.crate_item_assets WHERE asset_key = '12010714' LIMIT 1), 'base', 0.022800, 0, false, false),
  ('c7a312f1-9b4f-4a32-9c12-32a2223a4b01', (SELECT id FROM public.crate_item_assets WHERE asset_key = '12010715' LIMIT 1), 'base', 0.022800, 0, false, false),
  ('c7a312f1-9b4f-4a32-9c12-32a2223a4b01', (SELECT id FROM public.crate_item_assets WHERE asset_key = '12010717' LIMIT 1), 'base', 0.022800, 0, false, false),
  ('c7a312f1-9b4f-4a32-9c12-32a2223a4b01', (SELECT id FROM public.crate_item_assets WHERE asset_key = '12010529' LIMIT 1), 'base', 0.022800, 0, false, false),
  ('c7a312f1-9b4f-4a32-9c12-32a2223a4b01', (SELECT id FROM public.crate_item_assets WHERE asset_key = '12010530' LIMIT 1), 'base', 0.022800, 0, false, false),
  ('c7a312f1-9b4f-4a32-9c12-32a2223a4b01', (SELECT id FROM public.crate_item_assets WHERE asset_key = '12010531' LIMIT 1), 'base', 0.022800, 0, false, false),
  ('c7a312f1-9b4f-4a32-9c12-32a2223a4b01', (SELECT id FROM public.crate_item_assets WHERE asset_key = '12010691' LIMIT 1), 'base', 0.022800, 0, false, false),
  ('c7a312f1-9b4f-4a32-9c12-32a2223a4b01', (SELECT id FROM public.crate_item_assets WHERE asset_key = '12010533' LIMIT 1), 'base', 0.022800, 0, false, false),
  ('c7a312f1-9b4f-4a32-9c12-32a2223a4b01', (SELECT id FROM public.crate_item_assets WHERE asset_key = '12010534' LIMIT 1), 'base', 0.022800, 0, false, false),
  ('c7a312f1-9b4f-4a32-9c12-32a2223a4b01', (SELECT id FROM public.crate_item_assets WHERE asset_key = '12010535' LIMIT 1), 'base', 0.022800, 0, false, false),
  ('c7a312f1-9b4f-4a32-9c12-32a2223a4b01', (SELECT id FROM public.crate_item_assets WHERE asset_key = '12010030' LIMIT 1), 'base', 0.022800, 0, false, false),
  ('c7a312f1-9b4f-4a32-9c12-32a2223a4b01', (SELECT id FROM public.crate_item_assets WHERE asset_key = '12010034' LIMIT 1), 'base', 0.022800, 0, false, false),
  ('c7a312f1-9b4f-4a32-9c12-32a2223a4b01', (SELECT id FROM public.crate_item_assets WHERE asset_key = '12010028' LIMIT 1), 'base', 0.022800, 0, false, false),
  ('c7a312f1-9b4f-4a32-9c12-32a2223a4b01', (SELECT id FROM public.crate_item_assets WHERE asset_key = 'schematic' LIMIT 1), 'base', 0.009000, 0, false, false),
  ('c7a312f1-9b4f-4a32-9c12-32a2223a4b01', (SELECT id FROM public.crate_item_assets WHERE asset_key = 'polymer_200' LIMIT 1), 'base', 0.010000, 200, false, false),
  ('c7a312f1-9b4f-4a32-9c12-32a2223a4b01', (SELECT id FROM public.crate_item_assets WHERE asset_key = 'polymer_100' LIMIT 1), 'base', 0.025000, 100, false, false),
  ('c7a312f1-9b4f-4a32-9c12-32a2223a4b01', (SELECT id FROM public.crate_item_assets WHERE asset_key = 'polymer_50' LIMIT 1), 'base', 0.076300, 50, false, false),
  ('c7a312f1-9b4f-4a32-9c12-32a2223a4b02', (SELECT id FROM public.crate_item_assets WHERE asset_key = '17000004' LIMIT 1), 'base', 0.010000, 0, false, false),
  ('c7a312f1-9b4f-4a32-9c12-32a2223a4b02', (SELECT id FROM public.crate_item_assets WHERE asset_key = '17000001' LIMIT 1), 'base', 0.002500, 0, false, false),
  ('c7a312f1-9b4f-4a32-9c12-32a2223a4b02', (SELECT id FROM public.crate_item_assets WHERE asset_key = '17000002' LIMIT 1), 'base', 0.002500, 0, false, false),
  ('c7a312f1-9b4f-4a32-9c12-32a2223a4b02', (SELECT id FROM public.crate_item_assets WHERE asset_key = '13001597' LIMIT 1), 'base', 0.004000, 0, false, false),
  ('c7a312f1-9b4f-4a32-9c12-32a2223a4b02', (SELECT id FROM public.crate_item_assets WHERE asset_key = '13001598' LIMIT 1), 'base', 0.004000, 0, false, false),
  ('c7a312f1-9b4f-4a32-9c12-32a2223a4b02', (SELECT id FROM public.crate_item_assets WHERE asset_key = '12030124' LIMIT 1), 'base', 0.004000, 0, false, false),
  ('c7a312f1-9b4f-4a32-9c12-32a2223a4b02', (SELECT id FROM public.crate_item_assets WHERE asset_key = '12015118' LIMIT 1), 'base', 0.004500, 0, false, false),
  ('c7a312f1-9b4f-4a32-9c12-32a2223a4b02', (SELECT id FROM public.crate_item_assets WHERE asset_key = '12015121' LIMIT 1), 'base', 0.004500, 0, false, false),
  ('c7a312f1-9b4f-4a32-9c12-32a2223a4b02', (SELECT id FROM public.crate_item_assets WHERE asset_key = '12015123' LIMIT 1), 'base', 0.004500, 0, false, false),
  ('c7a312f1-9b4f-4a32-9c12-32a2223a4b02', (SELECT id FROM public.crate_item_assets WHERE asset_key = '18010109' LIMIT 1), 'base', 0.004500, 0, false, false),
  ('c7a312f1-9b4f-4a32-9c12-32a2223a4b02', (SELECT id FROM public.crate_item_assets WHERE asset_key = '13000689' LIMIT 1), 'base', 0.005000, 0, false, false),
  ('c7a312f1-9b4f-4a32-9c12-32a2223a4b02', (SELECT id FROM public.crate_item_assets WHERE asset_key = '13000611' LIMIT 1), 'base', 0.005000, 0, false, false),
  ('c7a312f1-9b4f-4a32-9c12-32a2223a4b02', (SELECT id FROM public.crate_item_assets WHERE asset_key = '13000828' LIMIT 1), 'base', 0.005000, 0, false, false),
  ('c7a312f1-9b4f-4a32-9c12-32a2223a4b02', (SELECT id FROM public.crate_item_assets WHERE asset_key = '13000829' LIMIT 1), 'base', 0.005000, 0, false, false),
  ('c7a312f1-9b4f-4a32-9c12-32a2223a4b02', (SELECT id FROM public.crate_item_assets WHERE asset_key = '13000875' LIMIT 1), 'base', 0.008750, 0, false, false),
  ('c7a312f1-9b4f-4a32-9c12-32a2223a4b02', (SELECT id FROM public.crate_item_assets WHERE asset_key = '13000876' LIMIT 1), 'base', 0.008750, 0, false, false),
  ('c7a312f1-9b4f-4a32-9c12-32a2223a4b02', (SELECT id FROM public.crate_item_assets WHERE asset_key = '13000877' LIMIT 1), 'base', 0.008750, 0, false, false),
  ('c7a312f1-9b4f-4a32-9c12-32a2223a4b02', (SELECT id FROM public.crate_item_assets WHERE asset_key = '13000878' LIMIT 1), 'base', 0.008750, 0, false, false),
  ('c7a312f1-9b4f-4a32-9c12-32a2223a4b02', (SELECT id FROM public.crate_item_assets WHERE asset_key = '13000889' LIMIT 1), 'base', 0.008750, 0, false, false),
  ('c7a312f1-9b4f-4a32-9c12-32a2223a4b02', (SELECT id FROM public.crate_item_assets WHERE asset_key = '13000890' LIMIT 1), 'base', 0.008750, 0, false, false),
  ('c7a312f1-9b4f-4a32-9c12-32a2223a4b02', (SELECT id FROM public.crate_item_assets WHERE asset_key = '13000891' LIMIT 1), 'base', 0.008750, 0, false, false),
  ('c7a312f1-9b4f-4a32-9c12-32a2223a4b02', (SELECT id FROM public.crate_item_assets WHERE asset_key = '13000892' LIMIT 1), 'base', 0.008750, 0, false, false),
  ('c7a312f1-9b4f-4a32-9c12-32a2223a4b02', (SELECT id FROM public.crate_item_assets WHERE asset_key = '13000934' LIMIT 1), 'base', 0.008750, 0, false, false),
  ('c7a312f1-9b4f-4a32-9c12-32a2223a4b02', (SELECT id FROM public.crate_item_assets WHERE asset_key = '13000935' LIMIT 1), 'base', 0.008750, 0, false, false),
  ('c7a312f1-9b4f-4a32-9c12-32a2223a4b02', (SELECT id FROM public.crate_item_assets WHERE asset_key = '13000936' LIMIT 1), 'base', 0.008750, 0, false, false),
  ('c7a312f1-9b4f-4a32-9c12-32a2223a4b02', (SELECT id FROM public.crate_item_assets WHERE asset_key = '13000937' LIMIT 1), 'base', 0.008750, 0, false, false),
  ('c7a312f1-9b4f-4a32-9c12-32a2223a4b02', (SELECT id FROM public.crate_item_assets WHERE asset_key = '13000550' LIMIT 1), 'base', 0.008750, 0, false, false),
  ('c7a312f1-9b4f-4a32-9c12-32a2223a4b02', (SELECT id FROM public.crate_item_assets WHERE asset_key = '13000552' LIMIT 1), 'base', 0.008750, 0, false, false),
  ('c7a312f1-9b4f-4a32-9c12-32a2223a4b02', (SELECT id FROM public.crate_item_assets WHERE asset_key = '13000556' LIMIT 1), 'base', 0.008750, 0, false, false),
  ('c7a312f1-9b4f-4a32-9c12-32a2223a4b02', (SELECT id FROM public.crate_item_assets WHERE asset_key = '13000357' LIMIT 1), 'base', 0.008750, 0, false, false),
  ('c7a312f1-9b4f-4a32-9c12-32a2223a4b02', (SELECT id FROM public.crate_item_assets WHERE asset_key = '13000358' LIMIT 1), 'base', 0.008750, 0, false, false),
  ('c7a312f1-9b4f-4a32-9c12-32a2223a4b02', (SELECT id FROM public.crate_item_assets WHERE asset_key = '13000359' LIMIT 1), 'base', 0.008750, 0, false, false),
  ('c7a312f1-9b4f-4a32-9c12-32a2223a4b02', (SELECT id FROM public.crate_item_assets WHERE asset_key = '13000360' LIMIT 1), 'base', 0.008750, 0, false, false),
  ('c7a312f1-9b4f-4a32-9c12-32a2223a4b02', (SELECT id FROM public.crate_item_assets WHERE asset_key = '13000687' LIMIT 1), 'base', 0.008750, 0, false, false),
  ('c7a312f1-9b4f-4a32-9c12-32a2223a4b02', (SELECT id FROM public.crate_item_assets WHERE asset_key = '11060089' LIMIT 1), 'base', 0.008750, 0, false, false),
  ('c7a312f1-9b4f-4a32-9c12-32a2223a4b02', (SELECT id FROM public.crate_item_assets WHERE asset_key = '11060090' LIMIT 1), 'base', 0.008750, 0, false, false),
  ('c7a312f1-9b4f-4a32-9c12-32a2223a4b02', (SELECT id FROM public.crate_item_assets WHERE asset_key = '11060091' LIMIT 1), 'base', 0.008750, 0, false, false),
  ('c7a312f1-9b4f-4a32-9c12-32a2223a4b02', (SELECT id FROM public.crate_item_assets WHERE asset_key = '11060092' LIMIT 1), 'base', 0.008750, 0, false, false),
  ('c7a312f1-9b4f-4a32-9c12-32a2223a4b02', (SELECT id FROM public.crate_item_assets WHERE asset_key = '11060096' LIMIT 1), 'base', 0.008750, 0, false, false),
  ('c7a312f1-9b4f-4a32-9c12-32a2223a4b02', (SELECT id FROM public.crate_item_assets WHERE asset_key = '11060099' LIMIT 1), 'base', 0.008750, 0, false, false),
  ('c7a312f1-9b4f-4a32-9c12-32a2223a4b02', (SELECT id FROM public.crate_item_assets WHERE asset_key = '11010564' LIMIT 1), 'base', 0.008750, 0, false, false),
  ('c7a312f1-9b4f-4a32-9c12-32a2223a4b02', (SELECT id FROM public.crate_item_assets WHERE asset_key = '11020407' LIMIT 1), 'base', 0.008750, 0, false, false),
  ('c7a312f1-9b4f-4a32-9c12-32a2223a4b02', (SELECT id FROM public.crate_item_assets WHERE asset_key = '11020408' LIMIT 1), 'base', 0.008750, 0, false, false),
  ('c7a312f1-9b4f-4a32-9c12-32a2223a4b02', (SELECT id FROM public.crate_item_assets WHERE asset_key = '11030379' LIMIT 1), 'base', 0.008750, 0, false, false),
  ('c7a312f1-9b4f-4a32-9c12-32a2223a4b02', (SELECT id FROM public.crate_item_assets WHERE asset_key = '11030380' LIMIT 1), 'base', 0.013000, 0, false, false),
  ('c7a312f1-9b4f-4a32-9c12-32a2223a4b02', (SELECT id FROM public.crate_item_assets WHERE asset_key = '11030381' LIMIT 1), 'base', 0.013000, 0, false, false),
  ('c7a312f1-9b4f-4a32-9c12-32a2223a4b02', (SELECT id FROM public.crate_item_assets WHERE asset_key = '11050295' LIMIT 1), 'base', 0.013000, 0, false, false),
  ('c7a312f1-9b4f-4a32-9c12-32a2223a4b02', (SELECT id FROM public.crate_item_assets WHERE asset_key = '11050296' LIMIT 1), 'base', 0.013000, 0, false, false),
  ('c7a312f1-9b4f-4a32-9c12-32a2223a4b02', (SELECT id FROM public.crate_item_assets WHERE asset_key = '11050297' LIMIT 1), 'base', 0.013000, 0, false, false),
  ('c7a312f1-9b4f-4a32-9c12-32a2223a4b02', (SELECT id FROM public.crate_item_assets WHERE asset_key = '11050298' LIMIT 1), 'base', 0.013000, 0, false, false),
  ('c7a312f1-9b4f-4a32-9c12-32a2223a4b02', (SELECT id FROM public.crate_item_assets WHERE asset_key = '11060192' LIMIT 1), 'base', 0.013000, 0, false, false),
  ('c7a312f1-9b4f-4a32-9c12-32a2223a4b02', (SELECT id FROM public.crate_item_assets WHERE asset_key = '11060193' LIMIT 1), 'base', 0.013000, 0, false, false),
  ('c7a312f1-9b4f-4a32-9c12-32a2223a4b02', (SELECT id FROM public.crate_item_assets WHERE asset_key = '13000132' LIMIT 1), 'base', 0.013000, 0, false, false),
  ('c7a312f1-9b4f-4a32-9c12-32a2223a4b02', (SELECT id FROM public.crate_item_assets WHERE asset_key = '13000140' LIMIT 1), 'base', 0.013000, 0, false, false),
  ('c7a312f1-9b4f-4a32-9c12-32a2223a4b02', (SELECT id FROM public.crate_item_assets WHERE asset_key = '13000155' LIMIT 1), 'base', 0.013000, 0, false, false),
  ('c7a312f1-9b4f-4a32-9c12-32a2223a4b02', (SELECT id FROM public.crate_item_assets WHERE asset_key = '13000553' LIMIT 1), 'base', 0.013000, 0, false, false),
  ('c7a312f1-9b4f-4a32-9c12-32a2223a4b02', (SELECT id FROM public.crate_item_assets WHERE asset_key = '13000555' LIMIT 1), 'base', 0.013000, 0, false, false),
  ('c7a312f1-9b4f-4a32-9c12-32a2223a4b02', (SELECT id FROM public.crate_item_assets WHERE asset_key = '13000557' LIMIT 1), 'base', 0.013000, 0, false, false),
  ('c7a312f1-9b4f-4a32-9c12-32a2223a4b02', (SELECT id FROM public.crate_item_assets WHERE asset_key = '13000223' LIMIT 1), 'base', 0.013000, 0, false, false),
  ('c7a312f1-9b4f-4a32-9c12-32a2223a4b02', (SELECT id FROM public.crate_item_assets WHERE asset_key = '13000224' LIMIT 1), 'base', 0.013000, 0, false, false),
  ('c7a312f1-9b4f-4a32-9c12-32a2223a4b02', (SELECT id FROM public.crate_item_assets WHERE asset_key = '13000225' LIMIT 1), 'base', 0.013000, 0, false, false),
  ('c7a312f1-9b4f-4a32-9c12-32a2223a4b02', (SELECT id FROM public.crate_item_assets WHERE asset_key = '13000226' LIMIT 1), 'base', 0.013000, 0, false, false),
  ('c7a312f1-9b4f-4a32-9c12-32a2223a4b02', (SELECT id FROM public.crate_item_assets WHERE asset_key = '11010538' LIMIT 1), 'base', 0.013000, 0, false, false),
  ('c7a312f1-9b4f-4a32-9c12-32a2223a4b02', (SELECT id FROM public.crate_item_assets WHERE asset_key = '11030358' LIMIT 1), 'base', 0.013000, 0, false, false),
  ('c7a312f1-9b4f-4a32-9c12-32a2223a4b02', (SELECT id FROM public.crate_item_assets WHERE asset_key = '11050271' LIMIT 1), 'base', 0.015000, 0, false, false),
  ('c7a312f1-9b4f-4a32-9c12-32a2223a4b02', (SELECT id FROM public.crate_item_assets WHERE asset_key = '11010547' LIMIT 1), 'base', 0.015000, 0, false, false),
  ('c7a312f1-9b4f-4a32-9c12-32a2223a4b02', (SELECT id FROM public.crate_item_assets WHERE asset_key = '11020398' LIMIT 1), 'base', 0.015000, 0, false, false),
  ('c7a312f1-9b4f-4a32-9c12-32a2223a4b02', (SELECT id FROM public.crate_item_assets WHERE asset_key = '11030372' LIMIT 1), 'base', 0.015000, 0, false, false),
  ('c7a312f1-9b4f-4a32-9c12-32a2223a4b02', (SELECT id FROM public.crate_item_assets WHERE asset_key = '18040106' LIMIT 1), 'base', 0.015000, 0, false, false),
  ('c7a312f1-9b4f-4a32-9c12-32a2223a4b02', (SELECT id FROM public.crate_item_assets WHERE asset_key = '18100167' LIMIT 1), 'base', 0.015000, 0, false, false),
  ('c7a312f1-9b4f-4a32-9c12-32a2223a4b02', (SELECT id FROM public.crate_item_assets WHERE asset_key = '16100387' LIMIT 1), 'base', 0.015000, 0, false, false),
  ('c7a312f1-9b4f-4a32-9c12-32a2223a4b02', (SELECT id FROM public.crate_item_assets WHERE asset_key = '16100378' LIMIT 1), 'base', 0.015000, 0, false, false),
  ('c7a312f1-9b4f-4a32-9c12-32a2223a4b02', (SELECT id FROM public.crate_item_assets WHERE asset_key = '11010149' LIMIT 1), 'base', 0.015000, 0, false, false),
  ('c7a312f1-9b4f-4a32-9c12-32a2223a4b02', (SELECT id FROM public.crate_item_assets WHERE asset_key = '11020060' LIMIT 1), 'base', 0.015000, 0, false, false),
  ('c7a312f1-9b4f-4a32-9c12-32a2223a4b02', (SELECT id FROM public.crate_item_assets WHERE asset_key = '11020084' LIMIT 1), 'base', 0.015000, 0, false, false),
  ('c7a312f1-9b4f-4a32-9c12-32a2223a4b02', (SELECT id FROM public.crate_item_assets WHERE asset_key = '11050073' LIMIT 1), 'base', 0.015000, 0, false, false),
  ('c7a312f1-9b4f-4a32-9c12-32a2223a4b02', (SELECT id FROM public.crate_item_assets WHERE asset_key = '11010162' LIMIT 1), 'base', 0.015000, 0, false, false),
  ('c7a312f1-9b4f-4a32-9c12-32a2223a4b02', (SELECT id FROM public.crate_item_assets WHERE asset_key = '11010163' LIMIT 1), 'base', 0.015000, 0, false, false),
  ('c7a312f1-9b4f-4a32-9c12-32a2223a4b02', (SELECT id FROM public.crate_item_assets WHERE asset_key = 'credit_1000' LIMIT 1), 'base', 0.056500, 1000, false, false),
  ('c7a312f1-9b4f-4a32-9c12-32a2223a4b02', (SELECT id FROM public.crate_item_assets WHERE asset_key = 'credit_2000' LIMIT 1), 'base', 0.030000, 2000, false, false),
  ('c7a312f1-9b4f-4a32-9c12-32a2223a4b02', (SELECT id FROM public.crate_item_assets WHERE asset_key = 'credit_3000' LIMIT 1), 'base', 0.016000, 3000, false, false);
